"Name","ShortName","ModeAndPID","Equation","Min Value","Max Value","Units","Header"
"Calculated engine load","Load","0104","A*100/255","0","100","%","7E0"
"Engine coolant temperature","Coolant","0105","A-40","-40","215","°C","7E0"
"Short term fuel trim Bank 1","STFT B1","0106","(A-128)*100/128","-100","99.2","%","7E0"
"Long term fuel trim Bank 1","LTFT B1","0107","(A-128)*100/128","-100","99.2","%","7E0"
"Intake manifold absolute pressure","MAP","010B","A","0","255","kPa","7E0"
"Engine RPM","RPM","010C","((A*256)+B)/4","0","16383.75","rpm","7E0"
"Vehicle speed","Speed","010D","A","0","255","km/h","7E0"
"Timing advance","Timing","010E","A/2-64","-64","63.5","°","7E0"
"Intake air temperature","IAT","010F","A-40","-40","215","°C","7E0"
"Mass air flow","MAF","0110","((A*256)+B)/100","0","655.35","g/s","7E0"
"Throttle position","Throttle","0111","A*100/255","0","100","%","7E0"
"Fuel rail gauge pressure direct injection","Fuel Rail","0123","((A*256)+B)*10","0","655350","kPa","7E0"
"Fuel level input","Fuel","012F","A*100/255","0","100","%","7E0"
"Barometric pressure","BARO","0133","A","0","255","kPa","7E0"
"Catalyst temperature B1S1","Cat B1S1","013C","((A*256)+B)/10-40","-40","6513.5","°C","7E0"
"Catalyst temperature B1S2","Cat B1S2","013E","((A*256)+B)/10-40","-40","6513.5","°C","7E0"
"Control module voltage","ECU V","0142","((A*256)+B)/1000","0","65.535","V","7E0"
"Absolute load value","Abs Load","0143","((A*256)+B)*100/255","0","25700","%","7E0"
"Commanded equivalence ratio","Lambda Cmd","0144","((A*256)+B)/32768","0","2","lambda","7E0"
"Ambient air temperature","Ambient","0146","A-40","-40","215","°C","7E0"
"Accelerator pedal position D","APP D","0149","A*100/255","0","100","%","7E0"
"Accelerator pedal position E","APP E","014A","A*100/255","0","100","%","7E0"
"Accelerator pedal position F","APP F","014B","A*100/255","0","100","%","7E0"
"Commanded throttle actuator","Cmd Throttle","014C","A*100/255","0","100","%","7E0"
"Engine oil temperature","Oil Temp","015C","A-40","-40","210","°C","7E0"
"Engine fuel rate","Fuel Rate","015E","((A*256)+B)/20","0","3212.75","L/h","7E0"
"Driver demand engine torque","Demand Tq","0161","A-125","-125","130","%","7E0"
"Actual engine torque","Actual Tq","0162","A-125","-125","130","%","7E0"
"Engine reference torque","Ref Tq","0163","(A*256)+B","0","65535","Nm","7E0"
