;SW:1T0-920-875   HW:1T0-920-875 ---  Schalttafeleinsatz
;Bauteil:KOMBI         H04 0607, Codierung:181F00
;EV_Kombi_UDS_VDD_RM09,A04114,EV_Kombi_UDS_VDD_RM09_004_VW32.rod
;Montag,05,Oktober,2026,13:43:08:16365
;VCDS Version: PCI 23.11.0  Datenstand: 20240306 DS351.0
[PRIVATE_FIELD_REDACTED]

Block,Beschreibung,Istwert
IDE00019,Spannung Klemme 30,11.8, V
IDE00021,Motordrehzahl,0.00, /min
IDE00025,Kühlmitteltemperatur,33.00, °C
IDE00029-MAS00210,Status Eingangssignale 1-Feststellbremse,betätigt, 
IDE00029-MAS00211,Status Eingangssignale 1-Bremsflüssigkeitsmangel,nicht betätigt, 
IDE00029-MAS00212,Status Eingangssignale 1-Waschwassermangel,nicht betätigt, 
IDE00029-MAS00213,Status Eingangssignale 1-Kühlmittelmangel,nicht betätigt, 
IDE00029-MAS00214,Status Eingangssignale 1-Bremsbelagverschleiß,nicht betätigt, 
IDE00029-MAS00216,Status Eingangssignale 1-Externer Taster für Tageswegstrecke,nicht verfügbar, 
IDE00029-MAS01208,Status Eingangssignale 1-Taster für Reserverad,nicht verfügbar, 
IDE00029-MAS02002,Status Eingangssignale 1-schwenkbare Anhängevorrichtung,in Ordnung, 
IDE00075,Fahrzeuggeschwindigkeit,0, km/h
IDE00151,Ölfüllstand,i.O., 
IDE00196,Motoröltemperatur,25.0, °C
IDE00301,Wegstrecke,175300, km
IDE00302,Öldruckschalter,dyn. Öldruckwarnung AN: Öldruck < systemspez. Schaltschwelle, 
IDE00303-MAS00215,Status Türen/Klappen 1-Tankklappe,geschlossen, 
IDE00303-MAS00217,Status Türen/Klappen 1-Heckscheibe,geschlossen, 
IDE00303-MAS00218,Status Türen/Klappen 1-Fahrertür,offen, 
IDE00303-MAS00219,Status Türen/Klappen 1-Beifahrertür,geschlossen, 
IDE00303-MAS00220,Status Türen/Klappen 1-Tür hinten links,geschlossen, 
IDE00303-MAS00221,Status Türen/Klappen 1-Tür hinten rechts,geschlossen, 
IDE00303-MAS00222,Status Türen/Klappen 1-Heckklappe,geschlossen, 
IDE00303-MAS00223,Status Türen/Klappen 1-Motorraumklappe,geschlossen, 
IDE00304,Kraftstoffvorrat,16, l
IDE00306,Geber 1 für Kraftstoffvorrat,214, Ohm
IDE00310,Außentemperatur,20.5, °C
IDE00311-MAS00225,Status Sitz-/Verdeckschalter-Sicherheitsgurtschalter Fahrerseite,nicht gesteckt, 
IDE00311-MAS00226,Status Sitz-/Verdeckschalter-Fondlehne links,nicht verfügbar, 
IDE00311-MAS00227,Status Sitz-/Verdeckschalter-Fondlehne rechts,nicht verfügbar, 
IDE00311-MAS00228,Status Sitz-/Verdeckschalter-Summer für Sitzmemory,nicht betätigt, 
IDE00311-MAS00229,Status Sitz-/Verdeckschalter-Summer für Verdeck,nicht verfügbar, 
IDE00311-MAS00230,Status Sitz-/Verdeckschalter-Sicherheitsgurtschalter Beifahrerseite,gesteckt, 
IDE00311-MAS00231,Status Sitz-/Verdeckschalter-Sitzbelegungserkennung Beifahrerseite,nicht verfügbar, 
IDE00312,Kraftstoffvorrat von Geber 1,16, l
IDE00316-IDE00500,Uhrzeit-Stunde,13, H
IDE00316-IDE00501,Uhrzeit-Minute,41, min
IDE00323,Security Access: Anzahl ungültiger Schlüssel,0, 
IDE00325,Diagnosemodus,VW - Diagnosemodus, 
IDE00332-MAS00237,Tasten für Multifunktionslenkrad-MFL-Taste "up",nicht betätigt, 
IDE00332-MAS00238,Tasten für Multifunktionslenkrad-MFL-Taste "down",nicht betätigt, 
IDE00332-MAS00239,Tasten für Multifunktionslenkrad-MFL-Taste "o.k.",nicht betätigt, 
IDE00332-MAS00240,Tasten für Multifunktionslenkrad-MFL-Taste "ESC" cancel,nicht betätigt, 
IDE00332-MAS00241,Tasten für Multifunktionslenkrad-MFL-Taste "left",nicht betätigt, 
IDE00332-MAS01213,Tasten für Multifunktionslenkrad-MFL-Taste "right",nicht betätigt, 
IDE00332-MAS01214,Tasten für Multifunktionslenkrad-MFL-Taste Bedienkonzept EEPROM,6 Tasten MFL, 
IDE00332-MAS01350,Tasten für Multifunktionslenkrad-MFL-Taste Bedienkonzept aktuell,6 Tasten MFL, 
IDE00333-ENG103024,Taster für Fahrerassistenzsysteme-Taster Fahrerassistenzsysteme,nicht betätigt, 
IDE00333-ENG100403,Taster für Fahrerassistenzsysteme-Taster Fahrerassistenzsysteme Fehler,nicht betätigt, 
IDE00334-IDE02444,Allgemeine Stati 1-Lenkerseite des Fahrzeugs,nicht verfügbar, 
IDE00334-MAS00078,Allgemeine Stati 1-S-Kontakt,aktiv, 
IDE00334-MAS00084,Allgemeine Stati 1-Klemme 15 ein,aktiv, 
IDE00334-MAS00245,Allgemeine Stati 1-Notbetrieb,nicht verfügbar, 
IDE00336-MAS00252,Status Eingangssignale 2-Kontrollleuchte für Airbag,nicht aktiv, 
IDE00336-MAS00253,Status Eingangssignale 2-Kontrollleuchte für ABS,nicht aktiv, 
IDE00336-MAS00254,Status Eingangssignale 2-Kontrollleuchte für EBV,nicht aktiv, 
IDE00336-MAS00255,Status Eingangssignale 2-Kontrollleuchte für el. Lenkung (rot),nicht aktiv, 
IDE00336-MAS00256,Status Eingangssignale 2-Kontrollleuchte für el. Lenkung (gelb),nicht aktiv, 
IDE00336-MAS00257,Status Eingangssignale 2-Kontrollleuchte für ESP,nicht aktiv, 
IDE00336-MAS01207,Status Eingangssignale 2-Kontrollleuchte für Differenzialsperre,nicht verfügbar, 
IDE00336-MAS01289,Status Eingangssignale 2-Kontrollleuchte für EBV eintakten,nicht aktiv, 
IDE00337-MAS00258,Status Eingangssignale 3-Kontrollleuchte für Vorglühanlage,nicht verfügbar, 
IDE00337-MAS00259,Status Eingangssignale 3-Kontrollleuchte für EPC,aktiv, 
IDE00337-MAS00260,Status Eingangssignale 3-Kontrollleuchte für Kühlmitteltemp. Analog,nicht aktiv, 
IDE00337-MAS00261,Status Eingangssignale 3-Abgas-Warnleuchte (OBD),aktiv, 
IDE00337-MAS00262,Status Eingangssignale 3-Kontrollleuchte für Partikelfilter,nicht verfügbar, 
IDE00337-MAS00263,Status Eingangssignale 3-Kontrollleuchte für Tankklappe,nicht verfügbar, 
IDE00337-MAS00264,Status Eingangssignale 3-Kontrollleuchte für Kühlmitteltemp. CAN,nicht aktiv, 
IDE00337-MAS00265,Status Eingangssignale 3-Kontrollleuchte für GRA,nicht aktiv, 
IDE00338-MAS00523,Status Eingangssignale 4-Fahrlichtfehler,aktiv, 
IDE00338-MAS00524,Status Eingangssignale 4-Kontrollleuchte für Blinker,nicht aktiv, 
IDE00338-MAS00525,Status Eingangssignale 4-Kontrollleuchte für Anhängerblinker,nicht verfügbar, 
IDE00338-MAS00526,Status Eingangssignale 4-Kontrollleuchte für Fernlicht,nicht aktiv, 
IDE00338-MAS00527,Status Eingangssignale 4-Kontrollleuchte für Fondlehne,nicht verfügbar, 
IDE00338-MAS00528,Status Eingangssignale 4-Kontrollleuchte für Türen offen,aktiv, 
IDE00338-MAS00529,Status Eingangssignale 4-Kontrollleuchte für Generator,aktiv, 
IDE00338-MAS00530,Status Eingangssignale 4-Kontrollleuchte für Nebelschlussleuchte,nicht aktiv, 
IDE00339-MAS00531,Status Eingangssignale 5-Kontrollleuchte für Motorraumklappe offen,nicht aktiv, 
IDE00339-MAS00532,Status Eingangssignale 5-Kontrollleuchte für Standlicht/Fahrlicht,nicht verfügbar, 
IDE00339-MAS00533,Status Eingangssignale 5-Kontrollleuchte für Heckscheibe offen,nicht aktiv, 
IDE00339-MAS00534,Status Eingangssignale 5-Signal Heckscheibe offen (Altbit),aktuelle, 
IDE00339-MAS00535,Status Eingangssignale 5-Kontrollleuchte für Heckklappe offen,nicht aktiv, 
IDE00339-MAS00536,Status Eingangssignale 5-Kontrollleuchte für Zuziehhilfe offen,nicht aktiv, 
IDE00339-MAS00537,Status Eingangssignale 5-Signal Zuziehhilfe offen (Altbit),alt, 
IDE00339-MAS03234,Status Eingangssignale 5-Kontrollleuchte für ESP_Off,nicht aktiv, 
IDE00340-MAS00539,Status Eingangssignale 6-Kontrollleuchte für Reifendrucküberwachung,nicht verfügbar, 
IDE00340-MAS00541,Status Eingangssignale 6-Kontrollleuchte für Shift-Lock,nicht aktiv, 
IDE00340-MAS00542,Status Eingangssignale 6-Kontrollleuchte für Sicherheitsgurtwarnung,aktiv, 
IDE00340-MAS00543,Status Eingangssignale 6-Kontrollleuchte für el. Feststellbremse (Shift-Lock grün),nicht aktiv, 
IDE00340-MAS00544,Status Eingangssignale 6-Signal Reifendrucküberwachung eintakten,nicht verfügbar, 
IDE00340-MAS00545,Status Eingangssignale 6-Signal Reifendrucküberwachung Systemstatus,nicht verfügbar, 
IDE00340-MAS01206,Status Eingangssignale 6-Kontrollleuchte für Bergabfahrassistent,nicht verfügbar, 
IDE00340-MAS02617,Status Eingangssignale 6-Kontrollleuchte für Motor (Shift-Lock grün),nicht aktiv, 
IDE00341-MAS00556,Status Eingangssignale 7-Kontrollleuchte für elektromechanische Feststellbremse,nicht verfügbar, 
IDE00341-MAS00557,Status Eingangssignale 7-Kontrollleuchte für elektrische Lenksäulenverriegelung: rot,nicht verfügbar, 
IDE00341-MAS00558,Status Eingangssignale 7-Kontrollleuchte für elektrische Lenksäulenverriegelung: gelb,nicht verfügbar, 
IDE00341-MAS00559,Status Eingangssignale 7-Signal elektrische Lenksäulenverriegelung eintakten,nicht verfügbar, 
IDE00341-MAS00560,Status Eingangssignale 7-Kontrollleuchte für Wegfahrsperre (Kessy),nicht verfügbar, 
IDE00341-MAS00561,Status Eingangssignale 7-Signal Wegfahrsperre (Kessy) eintakten,nicht verfügbar, 
IDE00341-MAS00562,Status Eingangssignale 7-Kontrollleuchte für automatisches Fahrlicht (AFS),nicht aktiv, 
IDE00341-MAS00563,Status Eingangssignale 7-Signal automatisches Fahrlicht (AFS) eintakten,nicht aktiv, 
IDE00483-MAS00564,Status Eingangssignale 8-Kontrollleuchte für automatische Distanzregelung,nicht verfügbar, 
IDE00483-MAS00565,Status Eingangssignale 8-Kontrollleuchte für Dauerfahrlicht,nicht verfügbar, 
IDE00483-MAS00566,Status Eingangssignale 8-Kontrollleuchte für automatische Verdeckbetätigung,nicht verfügbar, 
IDE00483-MAS00567,Status Eingangssignale 8-Signal automatische Verdeckbetätigung eintakten,nicht verfügbar, 
IDE00483-MAS00568,Status Eingangssignale 8-Automatische Verdeckbetätigung (Altbit),nicht verfügbar, 
IDE00483-MAS00569,Status Eingangssignale 8-Kontrollleuchte für Lenkradheizung,nicht verfügbar, 
IDE00483-MAS02925,Status Eingangssignale 8-Kontrollleuchte für Bremsanlage,aktiv, 
IDE00483-MAS04064,Status Eingangssignale 8-Kontrollleuchte für el. Lenksäulenverriegelung: Shift-Lock grün,nicht verfügbar, 
IDE00484-MAS00570,Status Texte/Akustiken 1-Motor: Störung,nicht aktiv, 
IDE00484-MAS00571,Status Texte/Akustiken 1-Motor: Abgas,nicht verfügbar, 
IDE00484-MAS00572,Status Texte/Akustiken 1-Motor: Partikelfilter,nicht verfügbar, 
IDE00484-MAS00573,Status Texte/Akustiken 1-Motor: Tankdeckel,nicht verfügbar, 
IDE00484-MAS00574,Status Texte/Akustiken 1-Airbag: deaktiviert,nicht aktiv, 
IDE00484-MAS00575,Status Texte/Akustiken 1-Airbag: Fehler,nicht aktiv, 
IDE00484-MAS00576,Status Texte/Akustiken 1-Elektrische Lenkung Akustik,nicht aktiv, 
IDE00484-MAS00577,Status Texte/Akustiken 1-Allrad Akustik,nicht verfügbar, 
IDE00485-MAS00583,Status Texte/Akustiken 2-Elektrische Lenksäulenverriegelung: Akustik 1,nicht verfügbar, 
IDE00485-MAS00584,Status Texte/Akustiken 2-Elektrische Lenksäulenverriegelung: Akustik 2,nicht verfügbar, 
IDE00485-MAS00585,Status Texte/Akustiken 2-Reifendrucküberwachung Akustik 1,nicht verfügbar, 
IDE00485-MAS00586,Status Texte/Akustiken 2-Reifendrucküberwachung Akustik 2,nicht verfügbar, 
IDE00485-MAS00587,Status Texte/Akustiken 2-Sitzmemory Akustik,nicht verfügbar, 
IDE00485-MAS00588,Status Texte/Akustiken 2-Automatische Distanzregelung Akustik 1,nicht verfügbar, 
IDE00485-MAS00589,Status Texte/Akustiken 2-Automatische Distanzregelung Akustik 2,nicht verfügbar, 
IDE00485-MAS00590,Status Texte/Akustiken 2-Sitzmemory Beifahrer Akustik,nicht verfügbar, 
IDE00486-MAS00578,Status Texte/Akustiken 3-Elektromechanische Feststellbremse Akustik 1,nicht verfügbar, 
IDE00486-MAS00579,Status Texte/Akustiken 3-Elektromechanische Feststellbremse Akustik 2,nicht verfügbar, 
IDE00486-MAS00580,Status Texte/Akustiken 3-Elektromechanische Feststellbremse Text 1,nicht verfügbar, 
IDE00486-MAS00581,Status Texte/Akustiken 3-Elektromechanische Feststellbremse Text 2,nicht verfügbar, 
IDE00486-MAS00582,Status Texte/Akustiken 3-Automatisches Fahrlicht (AFS) Text,nicht aktiv, 
IDE00486-ENG102723,Status Texte/Akustiken 3-Elektromechanische Feststellbremse Akustik,nicht verfügbar, 
IDE00486-ENG102166,Status Texte/Akustiken 3-Noch zu belegen 2,nicht verfügbar, 
IDE00487-MAS00591,Status Texte/Akustiken 4-Automatische Verdeckbetätigung Akustik 1,nicht verfügbar, 
IDE00487-MAS00592,Status Texte/Akustiken 4-Automatische Verdeckbetätigung Akustik 2,nicht verfügbar, 
IDE00487-MAS00593,Status Texte/Akustiken 4-Automatische Verdeckbetätigung Akustik 3,nicht verfügbar, 
IDE00487-MAS00594,Status Texte/Akustiken 4-Sonderfahrzeug Akustik,nicht aktiv, 
IDE00487-MAS00595,Status Texte/Akustiken 4-Kupplung treten: Text,nicht aktiv, 
IDE00487-MAS00596,Status Texte/Akustiken 4-Kupplung treten: Akustik,nicht verfügbar, 
IDE00487-MAS01218,Status Texte/Akustiken 4-Tagfahrlichtumschaltung Akustik,nicht aktiv, 
IDE00510,WIV: Wegstrecke ab Inspektion,5400, km
IDE00511,WIV: Zeit ab Inspektion,328, d
IDE00515,WIV: Ölqualität,schlechte Ölqualität, 
IDE00517-ENG102544,WIV: Rußeintrag-m-Aequivalent0..819100 in 100km,0, km
IDE00518-ENG102544,WIV: thermische Belastung-m-Aequivalent0..819100 in 100km,11100, km
IDE00519,Klemme 58d: Eingangsgröße,0.0, %
IDE00520,Phototransistor,100.0, %
IDE00521,Dimmkanal Zifferblatt groß,89.0, %
IDE00522,Dimmkanal Zifferblatt klein,89.0, %
IDE00523,Dimmkanal Zeiger lang,100.0, %
IDE00524,Dimmkanal Zeiger kurz,100.0, %
IDE00529,Dimmkanal DOT oben rot,0.0, %
IDE00530,Dimmkanal DOT oben gelb,0.0, %
IDE00532,Dimmkanal Kontrollleuchten grün,100.0, %
IDE00533,Dimmkanal Kontrollleuchten blau,100.0, %
IDE00534,Dimmkanal Kontrollleuchten gelb,100.0, %
IDE00609-ENG103365,Kommunikationsstatus Datenbus 1-CAN Communication Status,|Steuergerät,Kommunikationsstatus|Motorelektronik,aktiv|Bremsenelektronik,aktiv|Airbag,aktiv|Lenkhilfe,aktiv|Einparkhilfe,aktiv|Diagnoseinterface für Datenbus,aktiv|Elektronische Zentralelektrik,aktiv|Zentralmodul Komfortsystem,aktiv|Lenksäulenelektronik,aktiv|, 
IDE00610-ENG104066,Time Out Erkennung-EMC Timeout Detection,|Steuergerät,Anzahl der Timeouts|Motorelektronik,0|Bremsenelektronik,0|Airbag,0|Lenkhilfe,0|Einparkhilfe,0|Diagnoseinterface für Datenbus,0|Elektronische Zentralelektrik,0|Zentralmodul Komfortsystem,0|Lenksäulenelektronik,0|, 
IDE00697,WIV: Restliche Laufstrecke,4600, km
IDE00698,WIV: Restliche Laufzeit,37, d
IDE00699,WIV: Minimaler Ölstand im Wartungsintervall,420, ml
IDE00700,WIV: Maximaler Ölstand im Wartungsintervall,740, ml
IDE00701,WIV: Langzeitmittelwert der Ölstandsdifferenzen,400, ml
IDE00705-IDE00660,Status Eingangssignale 9-Fahrbereitschaft.,nein, 
IDE00705-IDE06339,Status Eingangssignale 9-Bereitschaft Hybrid: Status,nicht aktiv, 
IDE00705-MAS00883,Status Eingangssignale 9-Kontrollleuchte Motor kalt,nicht verfügbar, 
IDE00705-MAS00884,Status Eingangssignale 9-Kontrollleuchte für Reserve Gas,nicht verfügbar, 
IDE00705-MAS00885,Status Eingangssignale 9-Kontrollleuchte für Reserve Benzin,nicht aktiv, 
IDE00705-MAS01212,Status Eingangssignale 9-Kontrollleuchte für Luftfilter verschmutzt Anzeige,nicht verfügbar, 
IDE00705-MAS03950,Status Eingangssignale 9-Verbrennungsmotor: Status,nicht aktiv, 
IDE00705-MAS05001,Status Eingangssignale 9-Ethanol-Warnung,nicht aktiv, 
IDE00707,Betriebsart,nicht verfügbar, 
IDE00709-ENG102490,Nachtankerkennung-Nachtankerkennung Benzin,nein, 
IDE00709-ENG103312,Nachtankerkennung-Nachtankerkennung Gas,nicht verfügbar, 
IDE00728-ENG103282,Status Gurte hinten 2.Reihe-Mitte,nicht unterstützt, 
IDE00728-ENG98601,Status Gurte hinten 2.Reihe-Fahrerseite,nicht unterstützt, 
IDE00728-ENG98393,Status Gurte hinten 2.Reihe-Beifahrerseite,nicht unterstützt, 
IDE00729-ENG103282,Status Gurte hinten 3.Reihe-Mitte,nicht unterstützt, 
IDE00729-ENG98601,Status Gurte hinten 3.Reihe-Fahrerseite,nicht unterstützt, 
IDE00729-ENG98393,Status Gurte hinten 3.Reihe-Beifahrerseite,nicht unterstützt, 
IDE00730,Geber 1 für Kraftstoffvorrat inclusive Schmutzwiderstand,216, Ohm
IDE00732,Geber 1 für Kraftstoffvorrat Schmutzwiderstand,2, Ohm
IDE00779-IDE02616,Status Texte/Akustiken Bremse-Reifendruckwarnung,keine Warnung, 
IDE00779-IDE04253,Status Texte/Akustiken Bremse-Systemzustand der Reifenkontrollanzeige,Systembedingt nicht verbaut, 
IDE00779-IDE04451,Status Texte/Akustiken Bremse-Kontrollleuchte für Reifenkontrollanzeige,nicht aktiv, 
IDE00779-IDE06612,Status Texte/Akustiken Bremse-Reifenkontrollanzeige (US) Warnlampe,nicht aktiv, 
IDE00779-IDE06613,Status Texte/Akustiken Bremse-Reifenkontrollanzeige (US) MI-Lampe,nicht aktiv, 
IDE00779-MAS01202,Status Texte/Akustiken Bremse-Text Bremse 2,0, 
IDE00779-MAS01203,Status Texte/Akustiken Bremse-Akustik Bremse 2,0, 
IDE00817,Dimmkanal DOT oben weiß,100.0, %
IDE00818,Dimmkanal DOT unten Grundfarbe weiß,100.0, %
IDE00819,Tageszähler,4095, d
IDE00833,Reichweite gerechnet,177, km
IDE00834,Reichweitenverbrauch,7.4, l/100km
IDE00835,Zeigerposition der Kraftstoffvorratsanzeige,72.4, °
IDE00836,Reichweite angezeigt,170, km
IDE00837,Momentanverbrauch,0.0, l/100km
IDE00838,Durchschnittsverbrauch Multifunktionsanzeige 2,7.6, l/100km
IDE00839,Reichweiten Kraftstoffvorrat,13.125, l
IDE00841,Reichweitenverbrauch Dämpfung,50, km
IDE00842,K-Zahl,22188, 
IDE00843,Startimpuls erkannt,nein, 
IDE00845,Radumfang,1938, mm
IDE00846,Kombi-Login-Versuche,0, 
IDE00847,Verbleibende Sperrzeit,0, s
IDE00848-IDE00756,Gangwechselanzeige-Istgang,nicht verfügbar, 
IDE00848-IDE00757,Gangwechselanzeige-Sollgang,nicht verfügbar, 
IDE00848,Gangwechselanzeige,nicht verfügbar, 
IDE00848-IDE01994,Gangwechselanzeige-Kommunikationsstatus nach Sollverbau,nein, 
IDE00885-ENG98391,Allgemeine Stati 2-AFS Konfigurationsbit,CAN Bit = 0, 
IDE00885-ENG98358,Allgemeine Stati 2-AFS Funktionszustand,CAN Bit = 0, 
IDE00885-ENG98380,Allgemeine Stati 2-Autohold Konfigurationsbit,nicht verfügbar, 
IDE00885-ENG98426,Allgemeine Stati 2-Autohold Funktionszustand,nicht verfügbar, 
IDE00885-ENG111997,Allgemeine Stati 2-EasyEntry Funktionszustand,nicht verfügbar, 
IDE00885-ENG111996,Allgemeine Stati 2-EasyEntry Umschaltfunktion,nicht verfügbar, 
IDE00885-ENG111995,Allgemeine Stati 2-Segeln Funktionszustand,CAN Bit = 0, 
IDE00885-ENG111994,Allgemeine Stati 2-Segeln Umschaltfunktion,CAN Bit = 0, 
IDE00885-ENG98992,Allgemeine Stati 2-Touristenlicht Konfigurationsbit,CAN Bit = 0, 
IDE00885-ENG98991,Allgemeine Stati 2-Touristenlicht Funktionszustand,CAN Bit = 0, 
IDE00926,WIV: Anzahl der aufsummierten Füllstandsdifferenzen Zdiff,2489, 
IDE00927,WIV: Anzahl der aufsummierten Füllstandswerte,0, 
IDE00928,WIV: Jahresfahrleistung,6090, km
IDE00929,WIV: Kurzzeitmittelwert der Füllst. differenzen,0, ml
IDE00930,WIV: Maximale obere Grenze des Wartungsintervalls Fahrleistung,30000, km
IDE00931,WIV: Maximale obere Grenze des Wartungsintervalls Zeitintervall,744, d
IDE00932,WIV: Maximale untere Grenze des Wartungsintervalls Fahrleistung,15000, km
IDE00933,WIV: Maximale untere Grenze des Wartungsintervalls Zeitinterval,372, d
IDE00934,WIV: Summe der Füllstandsdifferenzen Sdiff,1110.8, l
IDE02227-MAS02005,Zweiter Öldruckschalter-Textanforderung vom Motor,0, 
IDE02227-MAS02007,Zweiter Öldruckschalter-Enable Öldruck,nein, 
IDE02227-MAS02008,Zweiter Öldruckschalter-Öldruckwarnung vom Motor,nicht aktiv, 
IDE02491-MAS02618,Status Eingangssignale Fernlichtassistent-Kontrollleuchte bzw. Piktogramm,nicht aktiv, 
IDE02491-MAS02619,Status Eingangssignale Fernlichtassistent-Text: Sensor blockiert,nicht aktiv, 
IDE02491-MAS02620,Status Eingangssignale Fernlichtassistent-Text: Defekt,nicht aktiv, 
IDE02498-IDE03376,Status Getriebe 1-Status des Gebers für Getriebe-Neutralstellung,nicht aktiv, 
IDE02498-IDE03527,Status Getriebe 1-CAN Signale,Getriebesteuergerät, 
IDE02498-IDE06322,Status Getriebe 1-Aktueller Gang,0, 
IDE02498-MAS02868,Status Getriebe 1-Kupplungswarnung,nicht aktiv, 
IDE02498-MAS03172,Status Getriebe 1-Variante,0, 
IDE02499-MAS02101,Status Komfort 1-Kindersicherung,nicht verfügbar, 
IDE02499-MAS02869,Status Komfort 1-ID-Geber Batterie Warnung,nicht aktiv, 
IDE02642,Aussentemperatur: angezeigter Wert,20.5, °C
IDE04848-ENG100886,Nachzutankendes Volumen-angezeigte Nachtankmenge,40, 
IDE04848-ENG102421,Nachzutankendes Volumen-errechnete Nachtankmenge,40, 
IDE05582-IDE05583,Status Texte/Akustiken 5-Pausenempfehlung,Anlieferungszustand, 
IDE05582-MAS05424,Status Texte/Akustiken 5-Erdgasqualität,Keine Anzeige, 
IDE80002-ENG104245,Analyse 2-ACC,kein statischer Fehler, 
IDE80002-ENG100441,Analyse 2-Audio,kein statischer Fehler, 
IDE80002-ENG99696,Analyse 2-AWV,kein statischer Fehler, 
IDE80002-ENG100892,Analyse 2-CHARISMA,kein statischer Fehler, 
IDE80002-ENG99254,Analyse 2-Door Locking,kein statischer Fehler, 
IDE80002-ENG98649,Analyse 2-Freigabe für Innenleuchte hinten - Innenlicht,kein statischer Fehler, 
IDE80002-ENG101248,Analyse 2-Exterior Light,kein statischer Fehler, 
IDE80002-ENG98698,Analyse 2-LDW,kein statischer Fehler, 
IDE80002-ENG102550,Analyse 2-Mirror,kein statischer Fehler, 
IDE80002-ENG102833,Analyse 2-NAV_SD,kein statischer Fehler, 
IDE80002-ENG102756,Analyse 2-NAV_SD_LL,kein statischer Fehler, 
IDE80002-ENG101502,Analyse 2-OPS,kein statischer Fehler, 
IDE80002-ENG100312,Analyse 2-Parkheater,kein statischer Fehler, 
IDE80002-ENG99837,Analyse 2-RDK,kein statischer Fehler, 
IDE80002-ENG101416,Analyse 2-Reserved_1,kein statischer Fehler, 
IDE80002-ENG154318,Analyse 2-Reserved_10,kein statischer Fehler, 
IDE80002-ENG99637,Analyse 2-Reserved_11,kein statischer Fehler, 
IDE80002-ENG154355,Analyse 2-Reserved_12,kein statischer Fehler, 
IDE80002-ENG154196,Analyse 2-Reserved_13,kein statischer Fehler, 
IDE80002-ENG154298,Analyse 2-Reserved_14,kein statischer Fehler, 
IDE80002-ENG154243,Analyse 2-Reserved_15,kein statischer Fehler, 
IDE80002-ENG154297,Analyse 2-Reserved_16,kein statischer Fehler, 
IDE80002-ENG99458,Analyse 2-Reserved_2,kein statischer Fehler, 
IDE80002-ENG99668,Analyse 2-Reserved_3,kein statischer Fehler, 
IDE80002-ENG154261,Analyse 2-Reserved_4,kein statischer Fehler, 
IDE80002-ENG154330,Analyse 2-Reserved_5,kein statischer Fehler, 
IDE80002-ENG154188,Analyse 2-Reserved_6,kein statischer Fehler, 
IDE80002-ENG154256,Analyse 2-Reserved_7,kein statischer Fehler, 
IDE80002-ENG154341,Analyse 2-Reserved_8,kein statischer Fehler, 
IDE80002-ENG154185,Analyse 2-Reserved_9,kein statischer Fehler, 
IDE80002-ENG102639,Analyse 2-SWA,kein statischer Fehler, 
IDE80002-ENG103175,Analyse 2-UHV,statischer Fehler, 
IDE80003-ENG104245,Analyse 3-ACC,kein sporadischer Fehler, 
IDE80003-ENG100441,Analyse 3-Audio,sporadischer Fehler, 
IDE80003-ENG99696,Analyse 3-AWV,kein sporadischer Fehler, 
IDE80003-ENG100892,Analyse 3-CHARISMA,kein sporadischer Fehler, 
IDE80003-ENG99254,Analyse 3-Door Locking,kein sporadischer Fehler, 
IDE80003-ENG98649,Analyse 3-Freigabe für Innenleuchte hinten - Innenlicht,kein sporadischer Fehler, 
IDE80003-ENG101248,Analyse 3-Exterior Light,kein sporadischer Fehler, 
IDE80003-ENG98698,Analyse 3-LDW,kein sporadischer Fehler, 
IDE80003-ENG102550,Analyse 3-Mirror,kein sporadischer Fehler, 
IDE80003-ENG102833,Analyse 3-NAV_SD,kein sporadischer Fehler, 
IDE80003-ENG102756,Analyse 3-NAV_SD_LL,kein sporadischer Fehler, 
IDE80003-ENG101502,Analyse 3-OPS,kein sporadischer Fehler, 
IDE80003-ENG100312,Analyse 3-Parkheater,kein sporadischer Fehler, 
IDE80003-ENG99837,Analyse 3-RDK,kein sporadischer Fehler, 
IDE80003-ENG101416,Analyse 3-Reserved_1,kein sporadischer Fehler, 
IDE80003-ENG154318,Analyse 3-Reserved_10,kein sporadischer Fehler, 
IDE80003-ENG99637,Analyse 3-Reserved_11,kein sporadischer Fehler, 
IDE80003-ENG154355,Analyse 3-Reserved_12,kein sporadischer Fehler, 
IDE80003-ENG154196,Analyse 3-Reserved_13,kein sporadischer Fehler, 
IDE80003-ENG154298,Analyse 3-Reserved_14,kein sporadischer Fehler, 
IDE80003-ENG154243,Analyse 3-Reserved_15,kein sporadischer Fehler, 
IDE80003-ENG154297,Analyse 3-Reserved_16,kein sporadischer Fehler, 
IDE80003-ENG99458,Analyse 3-Reserved_2,kein sporadischer Fehler, 
IDE80003-ENG99668,Analyse 3-Reserved_3,kein sporadischer Fehler, 
IDE80003-ENG154261,Analyse 3-Reserved_4,kein sporadischer Fehler, 
IDE80003-ENG154330,Analyse 3-Reserved_5,kein sporadischer Fehler, 
IDE80003-ENG154188,Analyse 3-Reserved_6,kein sporadischer Fehler, 
IDE80003-ENG154256,Analyse 3-Reserved_7,kein sporadischer Fehler, 
IDE80003-ENG154341,Analyse 3-Reserved_8,kein sporadischer Fehler, 
IDE80003-ENG154185,Analyse 3-Reserved_9,kein sporadischer Fehler, 
IDE80003-ENG102639,Analyse 3-SWA,kein sporadischer Fehler, 
IDE80003-ENG103175,Analyse 3-UHV,sporadischer Fehler, 
IDE80004-ENG104245,Analyse 4-ACC,kein statischer Fehler, 
IDE80004-ENG100441,Analyse 4-Audio,kein statischer Fehler, 
IDE80004-ENG99696,Analyse 4-AWV,kein statischer Fehler, 
IDE80004-ENG100892,Analyse 4-CHARISMA,kein statischer Fehler, 
IDE80004-ENG99254,Analyse 4-Door Locking,kein statischer Fehler, 
IDE80004-ENG98649,Analyse 4-Freigabe für Innenleuchte hinten - Innenlicht,kein statischer Fehler, 
IDE80004-ENG101248,Analyse 4-Exterior Light,kein statischer Fehler, 
IDE80004-ENG98698,Analyse 4-LDW,kein statischer Fehler, 
IDE80004-ENG102550,Analyse 4-Mirror,kein statischer Fehler, 
IDE80004-ENG102833,Analyse 4-NAV_SD,kein statischer Fehler, 
IDE80004-ENG102756,Analyse 4-NAV_SD_LL,kein statischer Fehler, 
IDE80004-ENG101502,Analyse 4-OPS,kein statischer Fehler, 
IDE80004-ENG100312,Analyse 4-Parkheater,kein statischer Fehler, 
IDE80004-ENG99837,Analyse 4-RDK,kein statischer Fehler, 
IDE80004-ENG101416,Analyse 4-Reserved_1,kein statischer Fehler, 
IDE80004-ENG154318,Analyse 4-Reserved_10,kein statischer Fehler, 
IDE80004-ENG99637,Analyse 4-Reserved_11,kein statischer Fehler, 
IDE80004-ENG154355,Analyse 4-Reserved_12,kein statischer Fehler, 
IDE80004-ENG154196,Analyse 4-Reserved_13,kein statischer Fehler, 
IDE80004-ENG154298,Analyse 4-Reserved_14,kein statischer Fehler, 
IDE80004-ENG154243,Analyse 4-Reserved_15,kein statischer Fehler, 
IDE80004-ENG154297,Analyse 4-Reserved_16,kein statischer Fehler, 
IDE80004-ENG99458,Analyse 4-Reserved_2,kein statischer Fehler, 
IDE80004-ENG99668,Analyse 4-Reserved_3,kein statischer Fehler, 
IDE80004-ENG154261,Analyse 4-Reserved_4,kein statischer Fehler, 
IDE80004-ENG154330,Analyse 4-Reserved_5,kein statischer Fehler, 
IDE80004-ENG154188,Analyse 4-Reserved_6,kein statischer Fehler, 
IDE80004-ENG154256,Analyse 4-Reserved_7,kein statischer Fehler, 
IDE80004-ENG154341,Analyse 4-Reserved_8,kein statischer Fehler, 
IDE80004-ENG154185,Analyse 4-Reserved_9,kein statischer Fehler, 
IDE80004-ENG102639,Analyse 4-SWA,kein statischer Fehler, 
IDE80004-ENG103175,Analyse 4-UHV,kein statischer Fehler, 
IDE80005-ENG101572,Analyse 5-Anzeige Anforderung,nein, 
IDE80005-ENG102382,Analyse 5-Ausparken,nicht aktiv, 
IDE80005-ENG101075,Analyse 5-Bremssymbol Anzeige,aus, 
IDE80005-ENG98549,Analyse 5-Fahrtrichtung,vorwärts, 
IDE80005-ENG99691,Analyse 5-Lenkeingriff aktiv Hinweis,nicht aktiv, 
IDE80005-ENG100301,Analyse 5-Mehrzügiges Einparken,nicht aktiv, 
IDE80005-ENG104041,Analyse 5-Parkluecke,lang, 
IDE80005-ENG99349,Analyse 5-Parkluecke existiert,nein, 
IDE80005-ENG100793,Analyse 5-Parkluecke Seite,Rechts, 
IDE80005-ENG98842,Analyse 5-Position,i.O., 
IDE80005-ENG104234,Analyse 5-Schwellpfeil Anzeige,aus, 
IDE80005-ENG99889,Analyse 5-Schwellpfeil relativ,0, 
IDE80005-ENG103983,Analyse 5-Standby Anzeige,aus, 
IDE80005-ENG100085,Analyse 5-Text Multiplexer,kein Text, 
IDE80005-ENG101070,Analyse 5-Textmeldungen,0, 
ENG108927-ENG99427,Service_Key_Master_Counter-Counter ID-Geber,0, 
ENG108927-ENG100006,Service_Key_Master_Counter-Counter Key-ID1,0, 
ENG108927-ENG103077,Service_Key_Master_Counter-Counter Key-ID2,0, 
ENG108927-ENG102096,Service_Key_Master_Counter-Counter Key-ID3,0, 
ENG108927-ENG100678,Service_Key_Master_Counter-Counter Key-ID4,0, 
ENG108927-ENG103705,Service_Key_Master_Counter-Counter Key-ID5,0, 
ENG108927-ENG102437,Service_Key_Master_Counter-Counter Key-ID6,0, 
ENG108927-ENG103366,Service_Key_Master_Counter-Counter Key-ID7,0, 
ENG108927-ENG99925,Service_Key_Master_Counter-Counter Key-ID8,0, 
ENG108927-ENG99901,Service_Key_Master_Counter-Counter Trigger,0, 
ENG108927-ENG102963,Service_Key_Master_Counter-Error Counter,0, 
ENG108927-ENG100636,Service_Key_Master_Counter-Immo Key,2, 
ENG108927-ENG98696,Service_Key_Master_Counter-Last key,2, 
ENG108927-ENG99298,Service_Key_Master_Counter-State,Engine_off, 
ENG108929-ENG99961,Service_Key_Pointer-Current_Bank,ERROR, 
ENG108929-ENG104110,Service_Key_Pointer-Write_Pointer_Addr_127,0, 
ENG108929-ENG99599,Service_Key_Pointer-Write_Pointer_Addr_159,0, 
ENG108929-ENG100247,Service_Key_Pointer-Write_Pointer_Addr_95,0, 
ENG109104-ENG159377,Status Start_Stop-1_reserved,0, 
ENG109104-ENG159448,Status Start_Stop-2_reserved,0, 
ENG109104-ENG103894,Status Start_Stop-Anzeige Start/Stopp_Automatikstart,0, 
ENG109104-ENG103361,Status Start_Stop-Netzwerkdiagnose-Freigabe,aktiv, 
ENG109104-ENG101406,Status Start_Stop-Netzwerkdiagnose-Freigabe gueltig,aktiv, 
ENG109104-ENG102072,Status Start_Stop-Start Stop Lampe,nicht verfügbar, 

Dauer: 00:18
